"","VALUE","Freq","EVT_NAME","LFRDB","EVT_FUEL","EVT_FUEL_N","EVT_LF","EVT_PHYS","EVT_GP","EVT_GP_N","SAF_SRM","EVT_ORDER","EVT_CLASS","EVT_SBCLS","R","G","B","RED","GREEN","BLUE","ACRES","REL_PERCENT"
"1",7008,597978,"North Pacific Oak Woodland",7008,2008,"Tr North Pacific Oak Woodland","Tree","Hardwood",629,"Western Oak Woodland and Savanna","SAF 233: Oregon White Oak","Tree-dominated","Open tree canopy","Deciduous open tree canopy",203,255,171,0.796078,1,0.670588,132987,3
"2",7015,19629,"California Coastal Redwood Forest",7015,2015,"Tr California Coastal Redwood Forest","Tree","Conifer",634,"Redwood Forest and Woodland","SAF 232: Redwood","Tree-dominated","Open tree canopy","Evergreen open tree canopy",135,255,105,0.529412,1,0.411765,4365,0.1
"3",7017,4977,"Columbia Plateau Western Juniper Woodland and Savanna",7017,2017,"Tr Columbia Plateau Western Juniper Woodland and Savanna","Tree","Conifer",620,"Juniper Woodland and Savanna","SRM 107: Western Juniper-Big Sagebrush-Bluebunch Wheatgrass","Tree-dominated","Open tree canopy","Evergreen open tree canopy",108,255,82,0.423529,1,0.321569,1107,0
"4",7021,274693,"Klamath-Siskiyou Lower Montane Serpentine Mixed Conifer Woodland",7021,2021,"Tr Klamath-Siskiyou Lower Montane Serpentine Mixed Conifer Woodland","Tree","Conifer",645,"Western Red-cedar-Western Hemlock Forest","SAF 231: Port Orford-Cedar","Tree-dominated","Open tree canopy","Evergreen open tree canopy",42,255,31,0.164706,1,0.121569,61090,1.4
"5",7022,186,"Klamath-Siskiyou Upper Montane Serpentine Mixed Conifer Woodland",7022,2022,"Tr Klamath-Siskiyou Upper Montane Serpentine Mixed Conifer Woodland","Tree","Conifer",645,"Western Red-cedar-Western Hemlock Forest","SAF 248: Knobcone Pine","Tree-dominated","Open tree canopy","Evergreen open tree canopy",224,252,192,0.878431,0.988235,0.752941,41,0
"6",7027,2312248,"Mediterranean California Dry-Mesic Mixed Conifer Forest and Woodland",7027,2027,"Tr Mediterranean California Dry-Mesic Mixed Conifer Forest and Woodland","Tree","Conifer",625,"Douglas-fir-Ponderosa Pine-Lodgepole Pine Forest and Woodland","SAF 243: Sierra Nevada Mixed Conifer","Tree-dominated","Open tree canopy","Evergreen open tree canopy",0,222,0,0,0.870588,0,514232,11.8
"7",7028,1649000,"Mediterranean California Mesic Mixed Conifer Forest and Woodland",7028,2028,"Tr Mediterranean California Mesic Mixed Conifer Forest and Woodland","Tree","Conifer",643,"Douglas-fir-Grand Fir-White Fir Forest and Woodland","SAF 211: White Fir","Tree-dominated","Closed tree canopy","Evergreen closed tree canopy",0,204,0,0,0.8,0,366729,8.4
"8",7029,131232,"Mediterranean California Mixed Oak Woodland",7029,2029,"Tr Mediterranean California Mixed Oak Woodland","Tree","Hardwood",629,"Western Oak Woodland and Savanna","SAF 246: California Black Oak","Tree-dominated","Open tree canopy","Mixed evergreen-deciduous open tree canopy",0,189,0,0,0.741176,0,29185,0.7
"9",7030,626764,"Mediterranean California Lower Montane Conifer Forest and Woodland",7030,2030,"Tr Mediterranean California Lower Montane Conifer Forest and Woodland","Tree","Conifer",610,"Conifer-Oak Forest and Woodland","SAF 246: California Black Oak","Tree-dominated","Open tree canopy","Evergreen open tree canopy",0,189,0,0,0.741176,0,139389,3.2
"10",7031,107354,"California Montane Jeffrey Pine-(Ponderosa Pine) Woodland",7031,2031,"Tr California Montane Jeffrey Pine(-Ponderosa Pine) Woodland","Tree","Conifer",631,"Ponderosa Pine Forest, Woodland and Savanna","SAF 247: Jeffrey Pine","Tree-dominated","Open tree canopy","Evergreen open tree canopy",0,173,0,0,0.678431,0,23875,0.5
"11",7032,923086,"Mediterranean California Red Fir Forest",7032,2032,"Tr Mediterranean California Red Fir Forest","Tree","Conifer",633,"Red Fir Forest and Woodland","SAF 207: Red Fir","Tree-dominated","Open tree canopy","Evergreen open tree canopy",0,158,0,0,0.619608,0,205289,4.7
"12",7033,2729,"Mediterranean California Subalpine Woodland",7033,2033,"Tr Mediterranean California Subalpine Woodland","Tree","Conifer",640,"Subalpine Woodland and Parkland","SAF 256: California Mixed Subalpine","Tree-dominated","Open tree canopy","Evergreen open tree canopy",0,145,0,0,0.568627,0,607,0
"13",7035,51666,"North Pacific Dry Douglas-fir-(Madrone) Forest and Woodland",7035,2035,"Tr North Pacific Dry Douglas-fir(-Madrone) Forest and Woodland","Tree","Conifer",614,"Douglas-fir Forest and Woodland","SAF 229: Pacific Douglas-Fir","Tree-dominated","Closed tree canopy","Evergreen closed tree canopy",0,130,0,0,0.509804,0,11490,0.3
"14",7036,38669,"North Pacific Seasonal Sitka Spruce Forest",7036,2036,"Tr North Pacific Hypermaritime Seasonal Sitka Spruce Forest","Tree","Conifer",638,"Sitka Spruce Forest","SAF 223: Sitka Spruce","Tree-dominated","Closed tree canopy","Evergreen closed tree canopy",0,117,0,0,0.458824,0,8600,0.2
"15",7037,1149746,"North Pacific Maritime Dry-Mesic Douglas-fir-Western Hemlock Forest",7037,2037,"Tr North Pacific Maritime Dry-Mesic Douglas-fir-Western Hemlock Forest","Tree","Conifer",615,"Douglas-fir-Western Hemlock Forest and Woodland","SAF 230: Douglas-Fir-Western Hemlock","Tree-dominated","Closed tree canopy","Evergreen closed tree canopy",0,105,0,0,0.411765,0,255697,5.9
"16",7039,408037,"North Pacific Maritime Mesic-Wet Douglas-fir-Western Hemlock Forest",7039,2039,"Tr North Pacific Maritime Mesic-Wet Douglas-fir-Western Hemlock Forest","Tree","Conifer",615,"Douglas-fir-Western Hemlock Forest and Woodland","SAF 230: Douglas-Fir-Western Hemlock","Tree-dominated","Closed tree canopy","Evergreen closed tree canopy",0,105,0,0,0.411765,0,90745,2.1
"17",7041,164041,"North Pacific Mountain Hemlock Forest",7041,2041,"Tr North Pacific Mountain Hemlock Forest","Tree","Conifer",627,"Mountain Hemlock Forest and Woodland","SAF 205: Mountain Hemlock","Tree-dominated","Closed tree canopy","Evergreen closed tree canopy",0,92,0,0,0.360784,0,36482,0.8
"18",7042,9060,"North Pacific Mesic Western Hemlock-Silver Fir Forest",7042,2042,"Tr North Pacific Mesic Western Hemlock-Silver Fir Forest","Tree","Conifer",642,"Western Hemlock-Silver Fir Forest","SAF 226: Coastal True Fir-Hemlock","Tree-dominated","Closed tree canopy","Evergreen closed tree canopy",0,71,0,0,0.278431,0,2015,0
"19",7043,6680235,"Mediterranean California Mixed Evergreen Forest",7043,2043,"Tr Mediterranean California Mixed Evergreen Forest","Tree","Conifer",626,"California Mixed Evergreen Forest and Woodland","SAF 234: Douglas-Fir-Tanoak-Pacific Madrone","Tree-dominated","Closed tree canopy","Evergreen closed tree canopy",0,61,0,0,0.239216,0,1485649,34
"20",7044,18494,"Northern California Mesic Subalpine Woodland",7044,2044,"Tr Northern California Mesic Subalpine Woodland","Tree","Conifer",627,"Mountain Hemlock Forest and Woodland","SAF 205: Mountain Hemlock","Tree-dominated","Open tree canopy","Evergreen open tree canopy",0,92,0,0,0.360784,0,4113,0.1
"21",7053,105,"Northern Rocky Mountain Ponderosa Pine Woodland and Savanna",7053,2053,"Tr Northern Rocky Mountain Ponderosa Pine Woodland and Savanna","Tree","Conifer",631,"Ponderosa Pine Forest, Woodland and Savanna","SAF 237: Interior Ponderosa Pine","Tree-dominated","Open tree canopy","Evergreen open tree canopy",214,255,181,0.839216,1,0.709804,23,0
"22",7056,429,"Rocky Mountain Subalpine Mesic-Wet Spruce-Fir Forest and Woodland",7056,2056,"Tr Rocky Mountain Subalpine Mesic-Wet Spruce-Fir Forest and Woodland","Tree","Conifer",639,"Spruce-Fir Forest and Woodland","SAF 206: Engelmann Spruce-Subalpine Fir","Tree-dominated","Closed tree canopy","Evergreen closed tree canopy",236,252,204,0.92549,0.988235,0.8,95,0
"23",7058,8129,"Sierra Nevada Subalpine Lodgepole Pine Forest and Woodland",7058,2058,"Tr Sierra Nevada Subalpine Lodgepole Pine Forest and Woodland","Tree","Conifer",622,"Lodgepole Pine Forest and Woodland","SAF 218: Lodgepole Pine","Tree-dominated","Closed tree canopy","Evergreen closed tree canopy",163,240,219,0.639216,0.941176,0.858824,1808,0
"24",7062,7,"Inter-Mountain Basins Curl-leaf Mountain Mahogany Woodland",7062,2062,"Tr Inter-Mountain Basins Curl-leaf Mountain Mahogany Woodland and Shrubland","Tree","Conifer",628,"Mountain Mahogany Woodland and Shrubland","SRM 415: Curlleaf Mountain-Mahogany","Tree-dominated","Open tree canopy","Evergreen open tree canopy",155,235,216,0.607843,0.921569,0.847059,2,0
"25",7063,8805,"North Pacific Broadleaf Landslide Forest",7063,2063,"Tr North Pacific Broadleaf Landslide Forest and Shrubland","Tree","Hardwood",632,"Red Alder Forest and Woodland","SAF 221: Red Alder","Tree-dominated","Closed tree canopy","Deciduous closed tree canopy",146,232,215,0.572549,0.909804,0.843137,1958,0
"26",7068,104,"North Pacific Dry and Mesic Alpine Dwarf-Shrubland",7068,2068,"Sh North Pacific Dry and Mesic Alpine Dwarf-Shrubland or Fell-field or Meadow","Shrub","Shrubland",601,"Alpine Dwarf-Shrubland, Fell-field and Meadow","SRM 108: Alpine Idaho Fescue","Shrub-dominated","Dwarf-shrubland","Mixed evergreen-deciduous dwarf-shrubland",181,156,114,0.709804,0.611765,0.447059,23,0
"27",7069,2,"North Pacific Dry and Mesic Alpine Fell-field or Meadow",7068,2068,"Sh North Pacific Dry and Mesic Alpine Dwarf-Shrubland or Fell-field or Meadow","Herb","Grassland",601,"Alpine Dwarf-Shrubland, Fell-field and Meadow","SRM 108: Alpine Idaho Fescue","Herbaceous / Nonvascular-dominated","Herbaceous - grassland","Perennial graminoid",181,156,114,0.709804,0.611765,0.447059,0,0
"28",7080,153,"Inter-Mountain Basins Big Sagebrush Shrubland",7080,2080,"Sh Inter-Mountain Basins Big Sagebrush Shrubland","Shrub","Shrubland",604,"Big Sagebrush Shrubland and Steppe","SRM 403: Wyoming Big Sagebrush","Shrub-dominated","Shrubland","Evergreen shrubland",130,101,72,0.509804,0.396078,0.282353,34,0
"29",7083,1038,"North Pacific Avalanche Chute Shrubland",7083,2083,"Sh North Pacific Avalanche Chute Shrubland","Shrub","Shrubland",612,"Deciduous Shrubland","LF 41: Deciduous Shrubland","Shrub-dominated","Shrubland","Mixed evergreen-deciduous shrubland",128,97,69,0.501961,0.380392,0.270588,231,0
"30",7084,142414,"North Pacific Montane Shrubland",7084,2084,"Sh North Pacific Montane Shrubland","Shrub","Shrubland",612,"Deciduous Shrubland","LF 41: Deciduous Shrubland","Shrub-dominated","Shrubland","Mixed evergreen-deciduous shrubland",128,97,69,0.501961,0.380392,0.270588,31672,0.7
"31",7096,96,"California Maritime Chaparral",7096,2096,"Sh California Maritime Chaparral","Shrub","Shrubland",607,"Chaparral","SRM 208: Ceanothus Mixed Chaparral","Shrub-dominated","Shrubland","Evergreen shrubland",107,77,54,0.419608,0.301961,0.211765,21,0
"32",7098,119908,"California Montane Woodland and Chaparral",7098,2098,"Sh California Montane Woodland and Chaparral","Shrub","Shrubland",607,"Chaparral","SRM 209: Montane Shrubland","Shrub-dominated","Shrubland","Evergreen shrubland",66,37,24,0.258824,0.145098,0.094118,26667,0.6
"33",7105,612767,"Northern and Central California Dry-Mesic Chaparral",7105,2105,"Sh Northern and Central California Dry-Mesic Chaparral","Shrub","Shrubland",607,"Chaparral","SRM 206: Chamise Chaparral","Shrub-dominated","Shrubland","Evergreen shrubland",99,69,47,0.388235,0.270588,0.184314,136276,3.1
"34",7123,4611,"Columbia Plateau Steppe and Grassland",7123,2123,"He Columbia Plateau Steppe and Grassland","Herb","Grassland",618,"Grassland and Steppe","SRM 106: Bluegrass Scabland","Herbaceous / Nonvascular-dominated","Herbaceous - shrub-steppe","Perennial graminoid steppe",199,176,129,0.780392,0.690196,0.505882,1025,0
"35",7124,65,"Columbia Plateau Low Sagebrush Steppe",7124,2124,"Sh Columbia Plateau Low Sagebrush Steppe","Shrub","Shrubland",623,"Low Sagebrush Shrubland and Steppe","SRM 406: Low Sagebrush","Shrub-dominated","Shrubland","Mixed evergreen-deciduous shrubland",135,106,76,0.529412,0.415686,0.298039,14,0
"36",7125,6,"Inter-Mountain Basins Big Sagebrush Steppe",7125,2125,"Sh Inter-Mountain Basins Big Sagebrush Steppe","Shrub","Shrubland",604,"Big Sagebrush Shrubland and Steppe","SRM 314: Big Sagebrush-Bluebunch Wheatgrass","Shrub-dominated","Shrubland","Mixed evergreen-deciduous shrubland",230,151,41,0.901961,0.592157,0.160784,1,0
"37",7126,12,"Inter-Mountain Basins Montane Sagebrush Steppe",7126,2126,"Sh Inter-Mountain Basins Montane Sagebrush Steppe","Shrub","Shrubland",604,"Big Sagebrush Shrubland and Steppe","SRM 402: Mountain Big Sagebrush","Shrub-dominated","Shrubland","Mixed evergreen-deciduous shrubland",219,140,37,0.858824,0.54902,0.145098,3,0
"38",7128,2120,"Northern California Coastal Scrub",7128,2128,"Sh Northern California Coastal Scrub","Shrub","Shrubland",609,"Pacific Coastal Scrub","SRM 204: Northern Coastal Shrub","Shrub-dominated","Shrubland","Mixed evergreen-deciduous shrubland",201,116,30,0.788235,0.454902,0.117647,471,0
"39",7131,6468,"California Northern Coastal Grassland",7131,2131,"He California Northern Coastal Grassland","Herb","Grassland",617,"Grassland","SRM 214: Coastal Prairie","Herbaceous / Nonvascular-dominated","Herbaceous - grassland","Perennial graminoid grassland",255,248,148,1,0.972549,0.580392,1438,0
"40",7137,89012,"Mediterranean California Subalpine Meadow",7137,2137,"He Mediterranean California Subalpine Meadow","Herb","Grassland",601,"Alpine Dwarf-Shrubland, Fell-field and Meadow","SRM 216: Montane Meadows","Herbaceous / Nonvascular-dominated","Herbaceous - grassland","Perennial graminoid grassland",255,205,112,1,0.803922,0.439216,19796,0.5
"41",7138,28332,"North Pacific Montane Grassland",7138,2138,"He North Pacific Montane Grassland","Herb","Grassland",617,"Grassland","SRM 102: Idaho Fescue","Herbaceous / Nonvascular-dominated","Herbaceous - grassland","Perennial graminoid grassland",255,198,107,1,0.776471,0.419608,6301,0.1
"42",7156,49173,"North Pacific Lowland Riparian Forest",7156,2156,"Tr North Pacific Lowland Riparian Forest and Shrubland","Tree","Riparian",632,"Red Alder Forest and Woodland","SAF 222: Black Cottonwood-Willow","Tree-dominated","Open tree canopy","Mixed evergreen-deciduous open tree canopy",67,162,181,0.262745,0.635294,0.709804,10936,0.3
"43",7157,4305,"North Pacific Lowland Riparian Shrubland",7156,2156,"Tr North Pacific Lowland Riparian Forest and Shrubland","Shrub","Riparian",632,"Red Alder Forest and Woodland","SAF 222: Black Cottonwood-Willow","Shrub-dominated","Shrubland","Mixed evergreen-deciduous shrubland",67,162,181,0.262745,0.635294,0.709804,957,0
"44",7158,57496,"North Pacific Montane Riparian Woodland",7158,2158,"Tr North Pacific Montane Riparian Woodland and Shrubland","Tree","Riparian",635,"Western Riparian Woodland and Shrubland","SAF 222: Black Cottonwood-Willow","Tree-dominated","Open tree canopy","Mixed evergreen-deciduous open tree canopy",67,162,181,0.262745,0.635294,0.709804,12787,0.3
"45",7159,1310,"North Pacific Montane Riparian Shrubland",7158,2158,"Tr North Pacific Montane Riparian Woodland and Shrubland","Shrub","Riparian",635,"Western Riparian Woodland and Shrubland","SAF 222: Black Cottonwood-Willow","Shrub-dominated","Shrubland","Mixed evergreen-deciduous shrubland",67,162,181,0.262745,0.635294,0.709804,291,0
"46",7170,1961,"Klamath-Siskiyou Xeromorphic Serpentine Savanna",7170,2170,"Tr Klamath-Siskiyou Xeromorphic Serpentine Savanna and Chaparral","Tree","Conifer",607,"Chaparral","SAF 248: Knobcone Pine","Tree-dominated","Sparse tree canopy","Evergreen sparse tree canopy",224,252,192,0.878431,0.988235,0.752941,436,0
"47",7171,363,"North Pacific Alpine and Subalpine Dry Grassland",7171,2171,"He North Pacific Alpine and Subalpine Dry Grassland","Herb","Grassland",617,"Grassland","SRM 103: Green Fescue","Herbaceous / Nonvascular-dominated","Herbaceous - grassland","Perennial graminoid grassland",255,114,48,1,0.447059,0.188235,81,0
"48",7172,4416,"Sierran-Intermontane Desert Western White Pine-White Fir Woodland",7172,2172,"Tr Sierran-Intermontane Desert Western White Pine-White Fir Woodland","Tree","Conifer",643,"Douglas-fir-Grand Fir-White Fir Forest and Woodland","SAF 211: White Fir","Tree-dominated","Open tree canopy","Evergreen open tree canopy",0,204,0,0,0.8,0,982,0
"49",7173,8422,"North Pacific Wooded Volcanic Flowage",7173,2173,"Tr North Pacific Wooded Volcanic Flowage","Tree","Conifer",625,"Douglas-fir-Ponderosa Pine-Lodgepole Pine Forest and Woodland","SAF 218: Lodgepole Pine","Tree-dominated","Open tree canopy","Evergreen open tree canopy",163,240,219,0.639216,0.941176,0.858824,1873,0
"50",7174,12514,"North Pacific Dry-Mesic Silver Fir-Western Hemlock-Douglas-fir Forest",7174,2174,"Tr North Pacific Dry-Mesic Silver Fir-Western Hemlock-Douglas-fir Forest","Tree","Conifer",642,"Western Hemlock-Silver Fir Forest","SAF 226: Coastal True Fir-Hemlock","Tree-dominated","Closed tree canopy","Evergreen closed tree canopy",0,71,0,0,0.278431,0,2783,0.1
"51",7177,66,"California Coastal Closed-Cone Conifer Forest and Woodland",7177,2177,"Tr California Coastal Closed-Cone Conifer Forest and Woodland","Tree","Conifer",610,"Conifer-Oak Forest and Woodland","SAF 248: Knobcone Pine","Tree-dominated","Closed tree canopy","Evergreen closed tree canopy",224,252,192,0.878431,0.988235,0.752941,15,0
"52",7260,2745,"Mediterranean California Lower Montane Black Oak Forest and Woodland",7030,2260,"Tr Mediterranean California Lower Montane Black Oak Forest and Woodland","Tree","Hardwood",610,"Conifer-Oak Forest and Woodland","SAF 246: California Black Oak","Tree-dominated","Open tree canopy","Deciduous open tree canopy",0,189,0,0,0.741176,0,610,0
"53",7261,63611,"Mediterranean California Lower Montane Black Oak-Conifer Forest and Woodland",7030,2261,"Tr Mediterranean California Lower Montane Black Oak - Conifer Forest and Woodland","Tree","Conifer-Hardwood",610,"Conifer-Oak Forest and Woodland","SAF 246: California Black Oak","Tree-dominated","Open tree canopy","Mixed evergreen-deciduous open tree canopy",0,189,0,0,0.741176,0,14147,0.3
"54",7270,266316,"Klamath-Siskiyou Xeromorphic Serpentine Chaparral",7170,2170,"Tr Klamath-Siskiyou Xeromorphic Serpentine Savanna and Chaparral","Shrub","Shrubland",607,"Chaparral","SAF 248: Knobcone Pine","Shrub-dominated","Shrubland","Mixed evergreen-deciduous shrubland",224,252,192,0.878431,0.988235,0.752941,59227,1.4
"55",7292,108334,"Open Water",7292,11,"Ba Open Water","Water","Open Water",11,"Open Water","LF 11: Water","Non-vegetated","Non-vegetated","Non-vegetated",0,0,255,0,0,1,24093,0.6
"56",7295,844,"Quarries-Strip Mines-Gravel Pits-Well and Wind Pads",7295,32,"Bab Quarries-Strip Mines-Gravel Pits-Well and Wind Pads","Barren","Quarries-Strip Mines-Gravel Pits-Well and Wind Pads",32,"Quarries-Strip Mines-Gravel Pits-Well and Wind Pads","LF 20: Developed","Non-vegetated","Non-vegetated","Developed",230,232,250,0.901961,0.909804,0.980392,188,0
"57",7296,100015,"Developed-Low Intensity",7296,2902,"Bau Developed-Low Intensity","Developed","Developed-Low Intensity",22,"Developed-Low Intensity","LF 20: Developed","No Dominant Lifeform","No Dominant Lifeform","Developed",255,122,143,1,0.478431,0.560784,22243,0.5
"58",7297,48645,"Developed-Medium Intensity",7297,2903,"Bau Developed-Medium Intensity","Developed","Developed-Medium Intensity",23,"Developed-Medium Intensity","LF 20: Developed","No Dominant Lifeform","No Dominant Lifeform","Developed",253,44,79,0.992157,0.172549,0.309804,10818,0.2
"59",7298,24666,"Developed-High Intensity",7298,2904,"Bau Developed-High Intensity","Developed","Developed-High Intensity",24,"Developed-High Intensity","LF 20: Developed","No Dominant Lifeform","No Dominant Lifeform","Developed",173,0,28,0.678431,0,0.109804,5486,0.1
"60",7299,557114,"Developed-Roads",7299,2905,"Bau Developed-Roads","Developed","Developed-Roads",25,"Developed-Roads","LF 20: Developed","No Dominant Lifeform","No Dominant Lifeform","Developed",1,1,1,0.003922,0.003922,0.003922,123899,2.8
"61",7662,35608,"Temperate Pacific Freshwater Emergent Marsh",7662,2662,"He Temperate Pacific Freshwater Emergent Marsh","Herb","Riparian",765,"Freshwater Marsh","SRM 909: Freshwater Marsh","Herbaceous / Nonvascular-dominated","Herbaceous - grassland","Perennial graminoid",255,153,0,1,0.6,0,7919,0.2
"62",7663,914,"North Pacific Shrub Swamp",7663,2663,"Sh North Pacific Shrub Swamp","Shrub","Shrubland",774,"Shrub Swamp","SRM 917: Tall Shrub Swamp","Shrub-dominated","Shrubland","Deciduous shrubland",166,76,17,0.65098,0.298039,0.066667,203,0
"63",7668,1636,"Temperate Pacific Tidal Salt and Brackish Marsh",7668,2668,"He Temperate Pacific Tidal Salt and Brackish Marsh","Herb","Riparian",780,"Tidal Marsh","LF 50: Tidal Flats and Marshes","Herbaceous / Nonvascular-dominated","Herbaceous - grassland","Perennial graminoid",255,153,10,1,0.6,0.039216,364,0
"64",7733,20505,"North Pacific Montane Massive Bedrock-Cliff and Talus",7733,2003,"Sps North Pacific Sparsely Vegetated Systems","Sparse","Sparsely Vegetated",700,"Sparse Vegetation","LF 33: Sparsely Vegetated","No Dominant Lifeform","Sparsely vegetated","Sparsely vegetated",100,100,100,0.392157,0.392157,0.392157,4560,0.1
"65",7734,15553,"North Pacific Alpine and Subalpine Bedrock and Scree",7734,2003,"Sps North Pacific Sparsely Vegetated Systems","Sparse","Sparsely Vegetated",700,"Sparse Vegetation","LF 33: Sparsely Vegetated","No Dominant Lifeform","Sparsely vegetated","Sparsely vegetated",100,100,100,0.392157,0.392157,0.392157,3459,0.1
"66",7900,28197,"Western Cool Temperate Urban Deciduous Forest",7900,2913,"Dtd Urban Deciduous Forest","Tree","Developed",13,"Developed-Upland Deciduous Forest","LF 20: Developed","Tree-dominated","Open tree canopy","Deciduous open tree canopy",112,68,137,0.439216,0.266667,0.537255,6271,0.1
"67",7901,381685,"Western Cool Temperate Urban Evergreen Forest",7901,2914,"Dtc Urban Evergreen Forest","Tree","Developed",14,"Developed-Upland Evergreen Forest","LF 20: Developed","Tree-dominated","Open tree canopy","Evergreen open tree canopy",170,102,205,0.666667,0.4,0.803922,84885,1.9
"68",7902,23415,"Western Cool Temperate Urban Mixed Forest",7902,2915,"Dtm Urban Mixed Deciduous-Evergreen Forest","Tree","Developed",15,"Developed-Upland Mixed Forest","LF 20: Developed","Tree-dominated","Open tree canopy","Mixed evergreen-deciduous open tree canopy",194,158,215,0.760784,0.619608,0.843137,5207,0.1
"69",7903,25252,"Western Cool Temperate Urban Herbaceous",7903,2916,"Dgr Urban Herbaceous","Herb","Developed",16,"Developed-Upland Herbaceous","LF 20: Developed","Herbaceous / Nonvascular-dominated","Herbaceous - grassland","Perennial graminoid",202,122,245,0.792157,0.478431,0.960784,5616,0.1
"70",7904,98936,"Western Cool Temperate Urban Shrubland",7904,2917,"Dsh Urban Shrubland","Shrub","Developed",17,"Developed-Upland Shrubland","LF 20: Developed","Shrub-dominated","Shrubland","Mixed evergreen-deciduous shrubland",207,171,215,0.811765,0.670588,0.843137,22003,0.5
"71",7920,7258,"Western Cool Temperate Developed Deciduous Forest",7920,2908,"Dtd Developed Deciduous Forest","Tree","Developed",13,"Developed-Upland Deciduous Forest","LF 20: Developed","Tree-dominated","Open tree canopy","Deciduous open tree canopy",64,61,168,0.25098,0.239216,0.658824,1614,0
"72",7921,19050,"Western Cool Temperate Developed Evergreen Forest",7921,2909,"Dtc Developed Evergreen Forest","Tree","Developed",14,"Developed-Upland Evergreen Forest","LF 20: Developed","Tree-dominated","Open tree canopy","Evergreen open tree canopy",102,119,205,0.4,0.466667,0.803922,4237,0.1
"73",7922,6462,"Western Cool Temperate Developed Mixed Forest",7922,2910,"Dtm Developed Mixed Deciduous-Evergreen Forest","Tree","Developed",15,"Developed-Upland Mixed Forest","LF 20: Developed","Tree-dominated","Open tree canopy","Mixed evergreen-deciduous open tree canopy",68,79,137,0.266667,0.309804,0.537255,1437,0
"74",7923,4971,"Western Cool Temperate Developed Shrubland",7923,2912,"Dsh Developed Shrubland","Shrub","Developed",17,"Developed-Upland Shrubland","LF 20: Developed","Shrub-dominated","Shrubland","Mixed evergreen-deciduous shrubland",122,142,245,0.478431,0.556863,0.960784,1106,0
"75",7924,9132,"Western Cool Temperate Developed Herbaceous",7924,2911,"Dgr Developed Herbaceous","Herb","Developed",16,"Developed-Upland Herbaceous","LF 20: Developed","Herbaceous / Nonvascular-dominated","Herbaceous - grassland","Perennial graminoid",158,170,215,0.619608,0.666667,0.843137,2031,0
"76",7960,28357,"Western Cool Temperate Orchard",7960,2960,"Dab Orchard","Tree","Agricultural",60,"Agricultural-Orchard","LF 80: Agriculture","Tree-dominated","Open tree canopy","Deciduous open tree canopy",210,28,94,0.823529,0.109804,0.368627,6306,0.1
"77",7961,9478,"Western Cool Temperate Vineyard",7961,2961,"Da Vineyard","Agriculture","Agricultural",61,"Agricultural-Vineyard","LF 80: Agriculture","Shrub-dominated","Shrubland","Mixed evergreen-deciduous shrubland",168,0,132,0.658824,0,0.517647,2108,0
"78",7962,118,"Western Cool Temperate Bush fruit and berries",7962,2962,"Dab Bush Fruit and Berries","Shrub","Agricultural",62,"Agricultural-Bush fruit and berries","LF 80: Agriculture","Shrub-dominated","Shrubland","Mixed evergreen-deciduous shrubland",210,28,119,0.823529,0.109804,0.466667,26,0
"79",7963,423,"Western Cool Temperate Row Crop - Close Grown Crop",7963,2963,"Da Row Crop - Close Grown Crop","Agriculture","Agricultural",63,"Agricultural-Row Crop-Close Grown Crop","LF 80: Agriculture","Herbaceous / Nonvascular-dominated","Herbaceous - grassland","Annual Graminoid/Forb",255,245,140,1,0.960784,0.54902,94,0
"80",7964,1475,"Western Cool Temperate Row Crop",7964,2964,"Da Row Crop","Agriculture","Agricultural",64,"Agricultural-Row Crop","LF 80: Agriculture","Herbaceous / Nonvascular-dominated","Herbaceous - grassland","Annual Graminoid/Forb",250,255,119,0.980392,1,0.466667,328,0
"81",7965,4672,"Western Cool Temperate Close Grown Crop",7965,2965,"Da Close Grown Crop","Agriculture","Agricultural",65,"Agricultural-Close Grown Crop","LF 80: Agriculture","Herbaceous / Nonvascular-dominated","Herbaceous - grassland","Annual Graminoid/Forb",255,237,119,1,0.929412,0.466667,1039,0
"82",7966,3203,"Western Cool Temperate Fallow/Idle Cropland",7966,2966,"Dab Fallow/Idle Cropland","Herb","Agricultural",66,"Agricultural-Fallow/Idle Cropland","LF 80: Agriculture","Herbaceous / Nonvascular-dominated","Herbaceous - grassland","Annual Graminoid/Forb",255,255,119,1,1,0.466667,712,0
"83",7967,609750,"Western Cool Temperate Pasture and Hayland",7967,2967,"Dab Pasture and Hayland","Herb","Agricultural",67,"Agricultural-Pasture and Hayland","LF 80: Agriculture","Herbaceous / Nonvascular-dominated","Herbaceous - grassland","Annual Graminoid/Forb",227,212,28,0.890196,0.831373,0.109804,135605,3.1
"84",7968,6275,"Western Cool Temperate Wheat",7968,2968,"Da Wheat","Agriculture","Agricultural",68,"Agricultural-Wheat","LF 80: Agriculture","Herbaceous / Nonvascular-dominated","Herbaceous - grassland","Annual Graminoid/Forb",250,227,163,0.980392,0.890196,0.639216,1396,0
"85",9006,1514,"Inter-Mountain Basins Cliff and Canyon",9006,2001,"Sps Inter-Mountain Basins Sparsely Vegetated Systems","Sparse","Sparsely Vegetated",700,"Sparse Vegetation","LF 33: Sparsely Vegetated","No Dominant Lifeform","Sparsely vegetated","Sparsely vegetated",100,100,100,0.392157,0.392157,0.392157,337,0
"86",9011,1932,"North American Arid West Emergent Marsh",9011,2225,"He North American Arid West Emergent Marsh","Herb","Riparian",765,"Freshwater Marsh","LF 56: Western Herbaceous Wetland","Herbaceous / Nonvascular-dominated","Herbaceous - grassland","Perennial graminoid grassland",250,100,56,0.980392,0.392157,0.219608,430,0
"87",9062,458,"Central California Coast Ranges Cliff and Canyon",9062,2002,"Sps Mediterranean California Sparsely Vegetated Systems","Sparse","Sparsely Vegetated",700,"Sparse Vegetation","LF 33: Sparsely Vegetated","No Dominant Lifeform","Sparsely vegetated","Sparsely vegetated",100,100,100,0.392157,0.392157,0.392157,102,0
"88",9110,31661,"Klamath-Siskiyou Cliff and Outcrop",9110,2002,"Sps Mediterranean California Sparsely Vegetated Systems","Sparse","Sparsely Vegetated",700,"Sparse Vegetation","LF 33: Sparsely Vegetated","No Dominant Lifeform","Sparsely vegetated","Sparsely vegetated",100,100,100,0.392157,0.392157,0.392157,7041,0.2
"89",9125,589,"Mediterranean California Alpine Bedrock and Scree",9125,2002,"Sps Mediterranean California Sparsely Vegetated Systems","Sparse","Sparsely Vegetated",700,"Sparse Vegetation","LF 33: Sparsely Vegetated","No Dominant Lifeform","Sparsely vegetated","Sparsely vegetated",100,100,100,0.392157,0.392157,0.392157,131,0
"90",9129,131221,"Mediterranean California Foothill and Lower Montane Riparian Woodland",9129,2152,"Tr California Montane Riparian Systems","Tree","Riparian",635,"Western Riparian Woodland and Shrubland","SRM 203: Riparian Woodland","Tree-dominated","Open tree canopy","Mixed evergreen-deciduous open tree canopy",81,180,141,0.317647,0.705882,0.552941,29183,0.7
"91",9130,10060,"Mediterranean California Northern Coastal Dune",9130,2005,"Sps Pacific Coastal Dunes and Other Sparsely Vegetated Systems","Sparse","Sparsely Vegetated",700,"Sparse Vegetation","LF 33: Sparsely Vegetated","No Dominant Lifeform","Sparsely vegetated","Sparsely vegetated",100,100,100,0.392157,0.392157,0.392157,2237,0.1
"92",9133,2507,"Mediterranean California Serpentine Foothill and Lower Montane Riparian Woodland and Seep",9133,2152,"Tr California Montane Riparian Systems","Tree","Riparian",635,"Western Riparian Woodland and Shrubland","SRM 203: Riparian Woodland","Tree-dominated","Open tree canopy","Mixed evergreen-deciduous open tree canopy",81,180,141,0.317647,0.705882,0.552941,558,0
"93",9160,4513,"North Pacific Active Volcanic Rock and Cinder Land",9160,2003,"Sps North Pacific Sparsely Vegetated Systems","Sparse","Sparsely Vegetated",700,"Sparse Vegetation","LF 33: Sparsely Vegetated","No Dominant Lifeform","Sparsely vegetated","Sparsely vegetated",100,100,100,0.392157,0.392157,0.392157,1004,0
"94",9166,353,"North Pacific Herbaceous Bald and Bluff",9166,2233,"He North Pacific Herbaceous Bald and Bluff","Herb","Grassland",688,"Prairies and Barrens","LF 60: North Pacific Grass and Shrub Balds","Herbaceous / Nonvascular-dominated","Herbaceous - grassland","Perennial graminoid grassland",82,52,34,0.321569,0.203922,0.133333,79,0
"95",9167,1562,"North Pacific Hypermaritime Herbaceous Headland",9167,2234,"Sh North Pacific Hypermaritime Shrub and Herbaceous Headland","Herb","Grassland",609,"Pacific Coastal Scrub","SRM 204: Northern Coastal Shrub","Herbaceous / Nonvascular-dominated","Herbaceous - shrub-steppe","Perennial graminoid steppe",201,116,30,0.788235,0.454902,0.117647,347,0
"96",9170,19441,"North Pacific Lowland Mixed Hardwood-Conifer Forest",9170,2235,"Tr North Pacific Lowland Mixed Hardwood-Conifer Forest","Tree","Conifer-Hardwood",610,"Conifer-Oak Forest and Woodland","SAF 229: Pacific Douglas-Fir","Tree-dominated","Closed tree canopy","Mixed evergreen-deciduous closed tree canopy",0,130,0,0,0.509804,0,4324,0.1
"97",9272,11540,"Temperate Pacific Subalpine-Montane Wet Meadow",9272,2236,"He Temperate Pacific Subalpine-Montane Wet Meadow","Herb","Riparian",675,"Inland Marshes and Prairies","SRM 217: Wetlands","Herbaceous / Nonvascular-dominated","Herbaceous - grassland","Perennial graminoid grassland",255,127,59,1,0.498039,0.231373,2566,0.1
"98",9301,296178,"California Ruderal Grassland and Meadow",9301,2270,"Sh California Ruderal Grassland Meadow & Scrub","Herb","Exotic Herbaceous",704,"Introduced Annual and Biennial Forbland","LF 54: Introduced Upland Vegetation - Herbaceous","Herbaceous / Nonvascular-dominated","Herbaceous - grassland","Annual Graminoid/Forb",255,105,46,1,0.411765,0.180392,65868,1.5
"99",9308,8708,"Great Basin & Intermountain Introduced Annual Grassland",9308,2273,"He Great Basin & Intermountain Introduced Annual Grassland","Herb","Exotic Herbaceous",702,"Introduced Annual Grassland","LF 54: Introduced Upland Vegetation - Herbaceous","Herbaceous / Nonvascular-dominated","Herbaceous - grassland","Annual Graminoid/Forb",255,105,46,1,0.411765,0.180392,1937,0
"100",9311,416,"North Pacific Maritime Coastal Sand Dune Ruderal Scrub",9311,2276,"Sh North Pacific Maritime Coastal Sand Dune Ruderal Scrub & Herb Vegetation","Shrub","Exotic Tree-Shrub",706,"Introduced Upland Vegetation-Shrub","LF 52: Introduced Upland Vegetation - Shrub","Shrub-dominated","Shrubland","Mixed evergreen-deciduous shrubland",255,105,46,1,0.411765,0.180392,93,0
"101",9326,109889,"Southern Vancouverian Lowland Ruderal Shrubland",9326,2277,"Sh Southern Vancouverian Lowland Ruderal Grassland & Shrubland","Shrub","Exotic Tree-Shrub",706,"Introduced Upland Vegetation-Shrub","LF 52: Introduced Upland Vegetation - Shrub","Shrub-dominated","Shrubland","Mixed evergreen-deciduous shrubland",255,105,46,1,0.411765,0.180392,24439,0.6
"102",9328,343,"Interior Western North American Temperate Ruderal Shrubland",9328,2279,"Sh Interior Western North American Temperate Ruderal Grassland & Shrubland","Shrub","Exotic Tree-Shrub",706,"Introduced Upland Vegetation-Shrub","LF 52: Introduced Upland Vegetation - Shrub","Shrub-dominated","Shrubland","Mixed evergreen-deciduous shrubland",255,105,46,1,0.411765,0.180392,76,0
"103",9337,18,"California Ruderal Scrub",9301,2270,"Sh California Ruderal Grassland Meadow & Scrub","Shrub","Exotic Tree-Shrub",706,"Introduced Upland Vegetation-Shrub","LF 52: Introduced Upland Vegetation - Shrub","Shrub-dominated","Shrubland","Mixed evergreen-deciduous shrubland",255,105,46,1,0.411765,0.180392,4,0
"104",9629,8805,"Mediterranean California Foothill and Lower Montane Riparian Shrubland",9129,2152,"Tr California Montane Riparian Systems","Shrub","Riparian",635,"Western Riparian Woodland and Shrubland","SRM 203: Riparian Woodland","Shrub-dominated","Shrubland","Mixed evergreen-deciduous shrubland",81,180,141,0.317647,0.705882,0.552941,1958,0
"105",9633,1650,"Mediterranean California Serpentine Foothill and Lower Montane Riparian Shrubland and Seep",9133,2152,"Tr California Montane Riparian Systems","Shrub","Riparian",635,"Western Riparian Woodland and Shrubland","SRM 203: Riparian Woodland","Shrub-dominated","Shrubland","Mixed evergreen-deciduous shrubland",81,180,141,0.317647,0.705882,0.552941,367,0
"106",9667,340,"North Pacific Hypermaritime Shrub Headland",9167,2234,"Sh North Pacific Hypermaritime Shrub and Herbaceous Headland","Shrub","Shrubland",609,"Pacific Coastal Scrub","SRM 204: Northern Coastal Shrub","Shrub-dominated","Shrubland","Mixed evergreen-deciduous shrubland",201,116,30,0.788235,0.454902,0.117647,76,0
"107",9811,256,"North Pacific Maritime Coastal Sand Dune Ruderal Herb Vegetation",9311,2276,"Sh North Pacific Maritime Coastal Sand Dune Ruderal Scrub & Herb Vegetation","Herb","Exotic Herbaceous",703,"Introduced Perennial Grassland and Forbland","LF 54: Introduced Upland Vegetation - Herbaceous","Herbaceous / Nonvascular-dominated","Herbaceous - grassland","Perennial graminoid grassland",255,105,46,1,0.411765,0.180392,57,0
"108",9826,151651,"Southern Vancouverian Lowland Ruderal Grassland",9326,2277,"Sh Southern Vancouverian Lowland Ruderal Grassland & Shrubland","Herb","Exotic Herbaceous",703,"Introduced Perennial Grassland and Forbland","LF 54: Introduced Upland Vegetation - Herbaceous","Herbaceous / Nonvascular-dominated","Herbaceous - grassland","Perennial graminoid grassland",255,105,46,1,0.411765,0.180392,33726,0.8
"109",9828,2564,"Interior Western North American Temperate Ruderal Grassland",9328,2279,"Sh Interior Western North American Temperate Ruderal Grassland & Shrubland","Herb","Exotic Herbaceous",703,"Introduced Perennial Grassland and Forbland","LF 54: Introduced Upland Vegetation - Herbaceous","Herbaceous / Nonvascular-dominated","Herbaceous - grassland","Perennial graminoid grassland",255,105,46,1,0.411765,0.180392,570,0
